0,Fifi1984
1,Hazy1983
2,Khahliso
3,Ithatz
4,LeboM
5,Lineo
6,Mpaleng Oliphant
7,Miss O
8,TopsQn
9,Tsholo
10,fifiQn
11,manobby
12,nuts2001
13,tumie
14,wilshere
15,Mampho Shale
16,ntebo
17,teboho1702
18,tshedy
19,mathelvo
20,Liraneko
21,Mabatho
22,Mpai
23,Ts'epo
24,hipzo13
25,mahali
26,Lopez
27,Tlalane
28,liteboho
29,Lekoro
30,Papali Leboela
31,mateboho
32,mavusana
33,Bopane
34,Kheekhe
35,Malerole
36,seisa
37,stilatila1
38,tdamane
44,Seitebatso
112,nickyqn
246,ak411
247,khaliso
248,tello55
249,stivo24
250,montshyqn
251,Kupie
252,Idobeads
253,Boitshego
254,nkareng
255,makhauta
256,Mabela Belz
257,kekemabona
258,Dusty2
259,mojabeng
260,Makhoai
261,lebusaT
262,khothatsoL
263,sheaz
264,Nkhetse
265,nyapi
266,matsele
267,dlopez1016
268,nkarengmothibe
